{
  "Voc": {
    "mse": 0.005612269541263384,
    "rmse": 0.07491508220153927,
    "mae": 0.030772833427908645,
    "r2": 0.8544165949138425
  },
  "Jsc": {
    "mse": 1.064611824361235,
    "rmse": 1.0318002831755935,
    "mae": 0.6930562953194473,
    "r2": 0.9765177234493644
  },
  "FF": {
    "mse": 15.297506082800904,
    "rmse": 3.9112026389335677,
    "mae": 2.5228301623651888,
    "r2": 0.905590819305251
  },
  "eta": {
    "mse": 0.4100662450446114,
    "rmse": 0.6403641503430774,
    "mae": 0.49314922152659935,
    "r2": 0.993508407360655
  }
}