{
  "Voc": {
    "mse": 0.009300528061902607,
    "rmse": 0.09643924544449012,
    "mae": 0.03672520242304359,
    "r2": 0.7587424241840064,
    "accuracy": 0.9863387978142076
  },
  "Jsc": {
    "mse": 1.8238857109342221,
    "rmse": 1.350513128753002,
    "mae": 0.7910128727743213,
    "r2": 0.9597703240929084,
    "accuracy": 0.9330601092896175
  },
  "FF": {
    "mse": 27.78494611689496,
    "rmse": 5.271142771439127,
    "mae": 3.3103537292063563,
    "r2": 0.8285240754705088,
    "accuracy": 0.9453551912568307
  },
  "eta": {
    "mse": 0.29895543974611305,
    "rmse": 0.5467681773348857,
    "mae": 0.4123564516599061,
    "r2": 0.9952673575169864,
    "accuracy": 0.9672131147540983
  },
  "overall": {
    "mse": 7.4792719489093065,
    "rmse": 2.734825762075037,
    "mae": 1.1376120640159078,
    "r2": 0.8855760453161023,
    "accuracy": 0.9579918032786885
  }
}