{
  "Voc": {
    "mse": 0.004704153811578595,
    "rmse": 0.06858683409794182,
    "mae": 0.03086052507744982,
    "r2": 0.8779733003015262,
    "accuracy": 0.9890710382513661
  },
  "Jsc": {
    "mse": 1.3812677179289696,
    "rmse": 1.1752734651684134,
    "mae": 0.7525180685058394,
    "r2": 0.969533204684877,
    "accuracy": 0.9426229508196722
  },
  "FF": {
    "mse": 18.458383479388313,
    "rmse": 4.296322087482305,
    "mae": 2.734147910871662,
    "r2": 0.8860833359499164,
    "accuracy": 0.9439890710382514
  },
  "eta": {
    "mse": 0.29182885209621756,
    "rmse": 0.5402118585297971,
    "mae": 0.41002920706493606,
    "r2": 0.9953801756396453,
    "accuracy": 0.9658469945355191
  },
  "overall": {
    "mse": 5.034046050806273,
    "rmse": 2.243667990324387,
    "mae": 0.9818889278799727,
    "r2": 0.9322425041439911,
    "accuracy": 0.9603825136612022
  }
}