{
  "Voc": {
    "mse": 0.006263149733481695,
    "rmse": 0.0791400640224766,
    "mae": 0.031123787632061486,
    "r2": 0.8375326313070369,
    "accuracy": 0.9863387978142076
  },
  "Jsc": {
    "mse": 0.9748503940168433,
    "rmse": 0.9873451240659687,
    "mae": 0.6412556424904879,
    "r2": 0.9784976025777897,
    "accuracy": 0.9562841530054644
  },
  "FF": {
    "mse": 13.802936626974079,
    "rmse": 3.7152303598800005,
    "mae": 2.336821248814317,
    "r2": 0.9148146154621062,
    "accuracy": 0.9631147540983607
  },
  "eta": {
    "mse": 0.41233786212764356,
    "rmse": 0.6421353923649151,
    "mae": 0.4984030878807026,
    "r2": 0.9934724463106691,
    "accuracy": 0.9658469945355191
  },
  "overall": {
    "mse": 3.799097008213011,
    "rmse": 1.9491272426942812,
    "mae": 0.8769009417043934,
    "r2": 0.9310793239144004,
    "accuracy": 0.967896174863388
  }
}