{
  "Voc": {
    "mse": 0.012977471024576288,
    "rmse": 0.1139187035766133,
    "mae": 0.03665918376402516,
    "r2": 0.6633617813125459
  },
  "Jsc": {
    "mse": 1.6576415638693285,
    "rmse": 1.2874942966356506,
    "mae": 0.8777919707863097,
    "r2": 0.9634371920977275
  },
  "FF": {
    "mse": 18.001531745699616,
    "rmse": 4.2428212012409405,
    "mae": 2.724293184832797,
    "r2": 0.8889028149972245
  },
  "eta": {
    "mse": 1.1730079595059824,
    "rmse": 1.0830549198937154,
    "mae": 0.8247776936828112,
    "r2": 0.9814305860873926
  }
}