{
  "Voc": {
    "mse": 0.014740141133932794,
    "rmse": 0.121408982921087,
    "mae": 0.03931932473060733,
    "r2": 0.6176377627712084,
    "accuracy": 0.976775956284153
  },
  "Jsc": {
    "mse": 1.9792310128693218,
    "rmse": 1.406851453732526,
    "mae": 0.9128274908981107,
    "r2": 0.9563438532822252,
    "accuracy": 0.907103825136612
  },
  "FF": {
    "mse": 21.083758714905933,
    "rmse": 4.591705425537001,
    "mae": 2.8936216682725915,
    "r2": 0.8698807259519263,
    "accuracy": 0.9508196721311475
  },
  "eta": {
    "mse": 1.0454855401700607,
    "rmse": 1.0224898728936442,
    "mae": 0.7794024847082753,
    "r2": 0.9834493418584815,
    "accuracy": 0.9234972677595629
  },
  "overall": {
    "mse": 6.030803852269808,
    "rmse": 2.455769503082447,
    "mae": 1.1562927421523965,
    "r2": 0.8568279209659604,
    "accuracy": 0.9395491803278688
  }
}