{
  "Voc": {
    "mse": 0.015373484080402837,
    "rmse": 0.1239898547478899,
    "mae": 0.042050852299544327,
    "r2": 0.6012087188600972,
    "accuracy": 0.9808743169398907
  },
  "Jsc": {
    "mse": 2.4124387894404906,
    "rmse": 1.5532027521996252,
    "mae": 0.9902359900840818,
    "r2": 0.9467885350145234,
    "accuracy": 0.8920765027322405
  },
  "FF": {
    "mse": 26.137005630798164,
    "rmse": 5.112436369364235,
    "mae": 3.3000904229586245,
    "r2": 0.8386944071758202,
    "accuracy": 0.9234972677595629
  },
  "eta": {
    "mse": 1.203787328655937,
    "rmse": 1.0971724243052854,
    "mae": 0.8434656105145731,
    "r2": 0.9809433303607094,
    "accuracy": 0.9275956284153005
  },
  "overall": {
    "mse": 7.442151308243746,
    "rmse": 2.7280306648283386,
    "mae": 1.2939607189642053,
    "r2": 0.8419087478527876,
    "accuracy": 0.9310109289617486
  }
}