{
  "Voc": {
    "mse": 0.015276822242282924,
    "rmse": 0.12359944272642544,
    "mae": 0.037642909945133605,
    "r2": 0.6037161464581338,
    "accuracy": 0.9849726775956285
  },
  "Jsc": {
    "mse": 1.5894300045068035,
    "rmse": 1.2607259831171893,
    "mae": 0.855230766342003,
    "r2": 0.9649417430187752,
    "accuracy": 0.9275956284153005
  },
  "FF": {
    "mse": 20.122886580101625,
    "rmse": 4.48585405247447,
    "mae": 2.883648102090137,
    "r2": 0.8758107873951626,
    "accuracy": 0.9480874316939891
  },
  "eta": {
    "mse": 0.8456582097586981,
    "rmse": 0.9195967647608914,
    "mae": 0.7050141413412461,
    "r2": 0.9866127273917072,
    "accuracy": 0.9371584699453552
  },
  "overall": {
    "mse": 5.6433129041523475,
    "rmse": 2.375565807160969,
    "mae": 1.1203839799296307,
    "r2": 0.8577703510659448,
    "accuracy": 0.9494535519125683
  }
}