{
  "Voc": {
    "mse": 0.01750422536954896,
    "rmse": 0.13230353498508254,
    "mae": 0.03810158834495961,
    "r2": 0.5459368595969492,
    "accuracy": 0.98224043715847
  },
  "Jsc": {
    "mse": 1.9362199145610939,
    "rmse": 1.3914811944690786,
    "mae": 0.8917343188241095,
    "r2": 0.9572925544727519,
    "accuracy": 0.9234972677595629
  },
  "FF": {
    "mse": 21.621777311154393,
    "rmse": 4.649922290872654,
    "mae": 2.9486874330864574,
    "r2": 0.8665603223125734,
    "accuracy": 0.9467213114754098
  },
  "eta": {
    "mse": 0.9111486117493488,
    "rmse": 0.9545410477026899,
    "mae": 0.7499199688332979,
    "r2": 0.9855759753628638,
    "accuracy": 0.9371584699453552
  },
  "overall": {
    "mse": 6.121662515708595,
    "rmse": 2.474199368625858,
    "mae": 1.1571108272722066,
    "r2": 0.8388414279362845,
    "accuracy": 0.9474043715846995
  }
}