{
  "Voc": {
    "mse": 0.011537812692597592,
    "rmse": 0.10741421085032274,
    "mae": 0.03371810103322639,
    "r2": 0.7007068091286787,
    "accuracy": 0.9808743169398907
  },
  "Jsc": {
    "mse": 1.663479210371477,
    "rmse": 1.2897593614203686,
    "mae": 0.7762639311576501,
    "r2": 0.9633084303965783,
    "accuracy": 0.9234972677595629
  },
  "FF": {
    "mse": 22.05204648328355,
    "rmse": 4.695960656062138,
    "mae": 2.871493866075193,
    "r2": 0.8639048986246174,
    "accuracy": 0.9480874316939891
  },
  "eta": {
    "mse": 0.3551881907378222,
    "rmse": 0.5959766696254327,
    "mae": 0.45222228860073393,
    "r2": 0.9943771596115524,
    "accuracy": 0.9480874316939891
  },
  "overall": {
    "mse": 6.020562924271363,
    "rmse": 2.4536835419979006,
    "mae": 1.0334245467167007,
    "r2": 0.8805743244403567,
    "accuracy": 0.950136612021858
  }
}