{
  "Voc": {
    "mse": 0.011116369604104785,
    "rmse": 0.10543419561083958,
    "mae": 0.03343460066436809,
    "r2": 0.7116391279386904
  },
  "Jsc": {
    "mse": 1.540331431216854,
    "rmse": 1.2411008948578088,
    "mae": 0.7515538140575939,
    "r2": 0.9660247164085626
  },
  "FF": {
    "mse": 21.603972195317937,
    "rmse": 4.648007335979359,
    "mae": 2.855512325749632,
    "r2": 0.8666702073088073
  },
  "eta": {
    "mse": 0.42281827577617453,
    "rmse": 0.6502447814294049,
    "mae": 0.4851801140915501,
    "r2": 0.993306535127
  }
}