{
  "Voc": {
    "mse": 0.01638647484061762,
    "rmse": 0.12800966698112146,
    "mae": 0.03256982952933494,
    "r2": 0.5749315340049155,
    "accuracy": 0.9863387978142076
  },
  "Jsc": {
    "mse": 1.3792564125282456,
    "rmse": 1.1744174779558783,
    "mae": 0.7165217879525441,
    "r2": 0.969577568300391,
    "accuracy": 0.9467213114754098
  },
  "FF": {
    "mse": 20.214230536683427,
    "rmse": 4.496023858553625,
    "mae": 2.6431624232057667,
    "r2": 0.8752470544536213,
    "accuracy": 0.9494535519125683
  },
  "eta": {
    "mse": 0.32712832271450487,
    "rmse": 0.5719513289734581,
    "mae": 0.43183027959521336,
    "r2": 0.9948213640173584,
    "accuracy": 0.9590163934426229
  },
  "overall": {
    "mse": 5.484250436691707,
    "rmse": 2.341847654458271,
    "mae": 0.9560210800707155,
    "r2": 0.8536443801940715,
    "accuracy": 0.9603825136612022
  }
}