{
  "Voc": {
    "mse": 0.016454122643048064,
    "rmse": 0.12827362411286297,
    "mae": 0.034394131050636205,
    "r2": 0.573176736350952,
    "accuracy": 0.9863387978142076
  },
  "Jsc": {
    "mse": 1.5155175115078254,
    "rmse": 1.2310635692391458,
    "mae": 0.739541028341308,
    "r2": 0.9665720401481447,
    "accuracy": 0.9275956284153005
  },
  "FF": {
    "mse": 22.175866095096403,
    "rmse": 4.70912583130844,
    "mae": 2.82290104429318,
    "r2": 0.8631407408565523,
    "accuracy": 0.9467213114754098
  },
  "eta": {
    "mse": 0.35893881154893903,
    "rmse": 0.5991150236381483,
    "mae": 0.44914271918541737,
    "r2": 0.9943177850525765,
    "accuracy": 0.9590163934426229
  },
  "overall": {
    "mse": 6.01669413519905,
    "rmse": 2.452895051811033,
    "mae": 1.0114947307176354,
    "r2": 0.8493018256020561,
    "accuracy": 0.9549180327868853
  }
}