{
  "Voc": {
    "mse": 0.014152012543999126,
    "rmse": 0.11896223158632796,
    "mae": 0.0352562485950814,
    "r2": 0.6328939371444353,
    "accuracy": 0.9795081967213115
  },
  "Jsc": {
    "mse": 1.567621418334972,
    "rmse": 1.2520468914281813,
    "mae": 0.7883391220582755,
    "r2": 0.9654227777395501,
    "accuracy": 0.9153005464480874
  },
  "FF": {
    "mse": 21.93990609367904,
    "rmse": 4.684005347315376,
    "mae": 2.9141229917515825,
    "r2": 0.8645969775980165,
    "accuracy": 0.953551912568306
  },
  "eta": {
    "mse": 0.3488321485341771,
    "rmse": 0.5906201389507278,
    "mae": 0.4437653523200196,
    "r2": 0.9944777795413398,
    "accuracy": 0.9480874316939891
  },
  "overall": {
    "mse": 5.967627918273046,
    "rmse": 2.4428728821355086,
    "mae": 1.0453709286812398,
    "r2": 0.8643478680058354,
    "accuracy": 0.9491120218579235
  }
}