{
  "Voc": {
    "mse": 0.0058638151217753854,
    "rmse": 0.07657555172361075,
    "mae": 0.029868956976020267,
    "r2": 0.8478914517652354,
    "accuracy": 0.9836065573770492
  },
  "Jsc": {
    "mse": 1.0648514532773492,
    "rmse": 1.0319163983954074,
    "mae": 0.6799791631249333,
    "r2": 0.9765124379243035,
    "accuracy": 0.9426229508196722
  },
  "FF": {
    "mse": 18.142593311711334,
    "rmse": 4.259412319993373,
    "mae": 2.652837711847024,
    "r2": 0.8880322478078669,
    "accuracy": 0.9644808743169399
  },
  "eta": {
    "mse": 0.2442704039820416,
    "rmse": 0.49423719404961985,
    "mae": 0.37583656983714286,
    "r2": 0.9961330541695108,
    "accuracy": 0.9658469945355191
  },
  "overall": {
    "mse": 4.8643947460231285,
    "rmse": 2.2055372919139518,
    "mae": 0.9346306004462803,
    "r2": 0.927142297916729,
    "accuracy": 0.9641393442622951
  }
}